{
  "project_info": {
    "project_number": "16626491014",
    "project_id": "shoping-a54d3",
    "storage_bucket": "shoping-a54d3.appspot.com"
  },
  "client": [
    {
      "client_info": {
        "mobilesdk_app_id": "1:16626491014:android:c80cacd28546194c23fb07",
        "android_client_info": {
          "package_name": "com.example.team3_shopping_app"
        }
      },
      "oauth_client": [],
      "api_key": [
        {
          "current_key": "AIzaSyD7X-64jLjOATdZ0Be-jA9J8i0v-qlz6nc"
        }
      ],
      "services": {
        "appinvite_service": {
          "other_platform_oauth_client": []
        }
      }
    }
  ],
  "configuration_version": "1"
}